feature	codon	aminoAcid	numMembers	pctMembers
M4	1	M	245	100.0
M4	2	S	246	100.0
M4	3	F	4	1.6129032258064515
M4	3	L	244	98.38709677419355
M4	4	L	264	99.24812030075188
M4	4	P	2	0.7518796992481203
M4	5	P	1	0.37453183520599254
M4	5	T	266	99.62546816479401
M4	6	E	267	100.0
M4	7	V	267	100.0
M4	8	E	267	100.0
M4	9	T	279	100.0
M4	10	C	2	0.7117437722419929
M4	10	Y	279	99.28825622775801
M4	11	V	283	100.0
M4	12	L	283	100.0
M4	13	S	283	100.0
M4	14	I	282	99.64664310954063
M4	14	M	1	0.35335689045936397
M4	15	I	83	29.328621908127207
M4	15	V	200	70.6713780918728
M4	16	P	285	100.0
M4	17	L	2	0.7017543859649122
M4	17	S	283	99.29824561403508
M4	18	G	285	100.0
M4	19	P	296	100.0
M4	20	L	296	100.0
M4	21	K	296	100.0
M4	22	A	295	99.66216216216216
M4	22	D	1	0.33783783783783783
M4	23	D	1	0.33783783783783783
M4	23	E	295	99.66216216216216
M4	24	I	295	99.66216216216216
M4	24	V	1	0.33783783783783783
M4	25	A	296	100.0
M4	26	H	1	0.33783783783783783
M4	26	Q	295	99.66216216216216
M4	27	G	1	0.33783783783783783
M4	27	I	3	1.0135135135135136
M4	27	K	3	1.0135135135135136
M4	27	R	289	97.63513513513513
M4	28	I	1	0.33783783783783783
M4	28	L	295	99.66216216216216
M4	29	E	295	99.66216216216216
M4	29	Q	1	0.33783783783783783
M4	30	D	281	94.93243243243244
M4	30	G	9	3.0405405405405403
M4	30	N	5	1.6891891891891893
M4	30	Y	1	0.33783783783783783
M4	31	V	296	100.0
M4	32	F	296	100.0
M4	33	A	295	99.66216216216216
M4	33	S	1	0.33783783783783783
M4	34	G	296	100.0
M4	35	K	296	100.0
M4	36	N	295	99.66216216216216
M4	36	T	1	0.33783783783783783
M4	37	A	2	0.6756756756756757
M4	37	T	294	99.32432432432432
M4	38	D	296	100.0
M4	39	L	295	99.66216216216216
M4	39	P	1	0.33783783783783783
M4	40	D	2	0.6756756756756757
M4	40	E	294	99.32432432432432
