feature	codon	aminoAcid	numMembers	pctMembers
M3	1	M	296	100.0
M3	2	G	296	100.0
M3	3	L	6	2.027027027027027
M3	3	V	290	97.97297297297297
M3	4	Q	296	100.0
M3	5	I	2	0.6756756756756757
M3	5	L	1	0.33783783783783783
M3	5	M	293	98.98648648648648
M3	6	Q	295	99.66216216216216
M3	6	R	1	0.33783783783783783
M3	7	R	296	100.0
M3	8	F	296	100.0
M3	9	K	296	100.0
